Title,Note,URL,Tags,Comment
,,,🥓 Brunch;🥨 Snack;🏠 🏠;🛍️ Shopping;☕️ Cafe;🏕️ Nature;🤡 Fun;🖼️ Museum;🕺 Club;🍽️ Restaurant,
Broad Nosh Bagels Deli & Catering 58th Street,,https://www.google.com/maps/place/Broad+Nosh+Bagels+Deli+%26+Catering+58th+Street/data=!4m2!3m1!1s0x89c25980ff435b6d:0x5fd66519f6029754,🥓 Brunch,
Beverly 1975,,https://www.google.com/maps/place/Beverly+1975/data=!4m2!3m1!1s0x89c25ba1dabaca19:0xb993607012b63fd,🛍️ Shopping,
Mixed Ingredients,,https://www.google.com/maps/place/Mixed+Ingredients/data=!4m2!3m1!1s0x89c259001de347e1:0xf6ac15ff9f43b2ca,☕️ Cafe,
Little Canal,,https://www.google.com/maps/place/Little+Canal/data=!4m2!3m1!1s0x89c25a29a1cde611:0x333f6116dcddfd71,☕️ Cafe,
Zaidi's NYC,,https://www.google.com/maps/place/Zaidi's+NYC/data=!4m2!3m1!1s0x89c25b6e8dc8faa7:0xf6f4274ca80b9591,🛍️ Shopping,
Dimes Deli,,https://www.google.com/maps/place/Dimes+Deli/data=!4m2!3m1!1s0x89c25a29a7184315:0x1f7ee36a6a311caa,🍽️ Restaurant,
Dimes Market,,https://www.google.com/maps/place/Dimes+Market/data=!4m2!3m1!1s0x89c25a29a7184315:0xc5cb85c0ebb09eba,🥨 Snack,
Elbow Bread,,https://www.google.com/maps/place/Elbow+Bread/data=!4m2!3m1!1s0x89c25b0073d873d7:0xbb52878185864442,🥨 Snack,
Wayla,,https://www.google.com/maps/place/Wayla/data=!4m2!3m1!1s0x89c259bfd44fe7c7:0x6e4c208738839550,🍽️ Restaurant,
Habana Outpost - Brooklyn,,https://www.google.com/maps/place/Habana+Outpost+-+Brooklyn/data=!4m2!3m1!1s0x89c25bb1b3282c03:0xd46b92a646670a98,🍽️ Restaurant,
Healthy Market,,https://www.google.com/maps/place/Healthy+Market/data=!4m2!3m1!1s0x89c258521c9339c7:0xd3c233736d63d02c,,
People’s,,https://www.google.com/maps/place/People%E2%80%99s/data=!4m2!3m1!1s0x89c259006a76d7d1:0x607a6be7c0687708,,
The Gin Mill,,https://www.google.com/maps/place/The+Gin+Mill/data=!4m2!3m1!1s0x89c2588608da2747:0x446b5f8db0155877,,
Strand Book Store,,https://www.google.com/maps/place/Strand+Book+Store/data=!4m2!3m1!1s0x89c259991086229d:0x5ecdcafc0a628a40,,
Maru Coffee,,https://www.google.com/maps/place/Maru+Coffee/data=!4m2!3m1!1s0x89c25900300d21cd:0xb328a0264a38784c,☕️ Cafe,
North 5th Street Pier and Park,,https://www.google.com/maps/place/North+5th+Street+Pier+and+Park/data=!4m2!3m1!1s0x89c2596427df7457:0x616e783fd9917532,,
The Wayland,,https://www.google.com/maps/place/The+Wayland/data=!4m2!3m1!1s0x89c259775a94e465:0x739c78805b5b0cc3,,
Papa d’Amour,,https://www.google.com/maps/place/Papa+d%E2%80%99Amour/data=!4m2!3m1!1s0x89c2590071c171f5:0xd16b52ae55bbd090,🥨 Snack,
Brooklyn Warehouse Project,,https://www.google.com/maps/place/Brooklyn+Warehouse+Project/data=!4m2!3m1!1s0x89c25f88f2323a8f:0xa71f821d6f68dda,🕺 Club,
Elsewhere,,https://www.google.com/maps/place/Elsewhere/data=!4m2!3m1!1s0x89c25f48090450ad:0xb4eb4d47330581b2,🕺 Club,
Superior Ingredients,,https://www.google.com/maps/place/Superior+Ingredients/data=!4m2!3m1!1s0x89c25942c8d90429:0xec3bdb30203a2ba6,,
Felix,,https://www.google.com/maps/place/Felix/data=!4m2!3m1!1s0x89c2598b75cf8913:0x7a754a0ad3d32617,🍽️ Restaurant,
Fanelli Café,,https://www.google.com/maps/place/Fanelli+Caf%C3%A9/data=!4m2!3m1!1s0x89c2598eede478ef:0xa80cdf61092779f1,🍽️ Restaurant,
Minetta Tavern,,https://www.google.com/maps/place/Minetta+Tavern/data=!4m2!3m1!1s0x89c2599196190779:0xf5f0efaba6878e,🍽️ Restaurant,
East River Greenway,,https://www.google.com/maps/place/East+River+Greenway/data=!4m2!3m1!1s0x89c25b342fd76d09:0xd9423a0a932997bc,,
Baker’s Dozen Bagels,,https://www.google.com/maps/place/Baker%E2%80%99s+Dozen+Bagels/data=!4m2!3m1!1s0x89c25f0b0dda844b:0x501f6ade0e54a18,🥓 Brunch,
Knickerbocker Bagel,,https://www.google.com/maps/place/Knickerbocker+Bagel/data=!4m2!3m1!1s0x89c25c1b9fe93223:0xa3e11c1cbc6526a,🥓 Brunch,
Court Street Bagels,,https://www.google.com/maps/place/Court+Street+Bagels/data=!4m2!3m1!1s0x89c25a4fc36c8dbd:0x68af5dd319514c97,🥓 Brunch,
Bagel Boy,,https://www.google.com/maps/place/Bagel+Boy/data=!4m2!3m1!1s0x89c2455f5137a997:0xebb2c963d7a2967,🥓 Brunch,
La Bagel Delight at Dumbo,,https://www.google.com/maps/place/La+Bagel+Delight+at+Dumbo/data=!4m2!3m1!1s0x89c25a33e3fad265:0xe21b216a44aac37b,🥓 Brunch,
Black Seed Bagels - Williamsburg,,https://www.google.com/maps/place/Black+Seed+Bagels+-+Williamsburg/data=!4m2!3m1!1s0x89c2597b590839db:0x6cd1fb3afdca0c8a,🥓 Brunch,
Edith’s Sandwich Counter,,https://www.google.com/maps/place/Edith%E2%80%99s+Sandwich+Counter/data=!4m2!3m1!1s0x89c25994ca8a8291:0xeeafd732d6bc30f4,🥓 Brunch,
Greenberg's Bagels,,https://www.google.com/maps/place/Greenberg's+Bagels/data=!4m2!3m1!1s0x89c25ba3a26c4831:0xde14aa7cddcd3619,🥓 Brunch,
Terrace Bagels,,https://www.google.com/maps/place/Terrace+Bagels/data=!4m2!3m1!1s0x89c25b1e6f81fb4d:0xcd28254379076d43,🥓 Brunch,
Bagel Point,,https://www.google.com/maps/place/Bagel+Point/data=!4m2!3m1!1s0x89c25978741d040d:0x13d596ea4025cac9,🥓 Brunch,
Shelsky's Brooklyn Bagels,,https://www.google.com/maps/place/Shelsky's+Brooklyn+Bagels/data=!4m2!3m1!1s0x89c25b78a973d305:0x70afe212c5d70d18,🥓 Brunch,
Bagel Hole,,https://www.google.com/maps/place/Bagel+Hole/data=!4m2!3m1!1s0x89c25ae298401325:0xd60275a32b9423c5,🥓 Brunch,
Olde Brooklyn Bagel Shoppe,,https://www.google.com/maps/place/Olde+Brooklyn+Bagel+Shoppe/data=!4m2!3m1!1s0x89c25ba660b88115:0xe5c1481fef08b8aa,🥓 Brunch,
Bagel Pub,,https://www.google.com/maps/place/Bagel+Pub/data=!4m2!3m1!1s0x89c25b757da7b719:0x112af96e9e2c5f84,🥓 Brunch,
159 Boerum St,,https://www.google.com/maps/place/159+Boerum+St/data=!4m2!3m1!1s0x89c25bfc222c91b9:0xccb838c6f0ff6a7e,🏠 🏠,
Birch Coffee,,https://www.google.com/maps/place/Birch+Coffee/data=!4m2!3m1!1s0x89c259085ff6dad7:0x5e9d363c75b8d4bb,☕️ Cafe,
Bar Laika by e-flux,,https://www.google.com/maps/place/Bar+Laika+by+e-flux/data=!4m2!3m1!1s0x89c25b0e9803c177:0x822cde1515f3eab3,,
e-flux,,https://www.google.com/maps/place/e-flux/data=!4m2!3m1!1s0x89c25bd54900a561:0xd452bba5e7b1e030,,
Dino,,https://www.google.com/maps/place/Dino/data=!4m2!3m1!1s0x89c25b803fdda059:0x2210f59d89a57a77,🍽️ Restaurant,
KIJITORA,,https://www.google.com/maps/place/KIJITORA/data=!4m2!3m1!1s0x89c259c0b0c6d663:0xebc5aa8e1ad4a925,☕️ Cafe,
Still Here,,https://www.google.com/maps/place/Still+Here/data=!4m2!3m1!1s0x89c259e2ad1f4d27:0x7029bda7275bf00a,🛍️ Shopping,
Caffe Paradiso,,https://www.google.com/maps/place/Caffe+Paradiso/data=!4m2!3m1!1s0x89c2590052381d25:0x3214117350af8674,☕️ Cafe,
Lil' Frankie's Grocery,,https://www.google.com/maps/place/Lil'+Frankie's+Grocery/data=!4m2!3m1!1s0x89c259db33078575:0xe3c26e3e379ad68e,🍽️ Restaurant,
Balthazar,,https://www.google.com/maps/place/Balthazar/data=!4m2!3m1!1s0x89c259892cccb7b7:0xbf8343b3f54c1b09,🍽️ Restaurant,
Kinjo,,https://www.google.com/maps/place/Kinjo/data=!4m2!3m1!1s0x89c25b964bae6643:0x30917e5a13ad8e66,🍽️ Restaurant,
Pebble Beach,,https://www.google.com/maps/place/Pebble+Beach/data=!4m2!3m1!1s0x89c25b5fa17295ff:0x5077e52991befeff,,
Red Coffee Stand,,https://www.google.com/maps/place/Red+Coffee+Stand/data=!4m2!3m1!1s0x89c25b00433422cb:0xbcaff2a8052f18bd,☕️ Cafe,
Nightmoves,,https://www.google.com/maps/place/Nightmoves/data=!4m2!3m1!1s0x89c259ad2d95ba95:0xc913b1fd717235f4,,
The River,,https://www.google.com/maps/place/The+River/data=!4m2!3m1!1s0x89c25bc21221bec3:0xaee6dadff4a216f0,,
12 Chairs Cafe,,https://www.google.com/maps/place/12+Chairs+Cafe/data=!4m2!3m1!1s0x89c2598d92069b6d:0x4fb98179ce650dfd,🍽️ Restaurant,
The Odeon,,https://www.google.com/maps/place/The+Odeon/data=!4m2!3m1!1s0x89c25a1f98b4eb4b:0xe5cb4eafb1f4b167,🍽️ Restaurant,
Tasty Hand - Pulled Noodles,,https://www.google.com/maps/place/Tasty+Hand+-+Pulled+Noodles/data=!4m2!3m1!1s0x89c25bd05aee9499:0x10f3231c69eb165b,🍽️ Restaurant,
Patisserie Tomoko,,https://www.google.com/maps/place/Patisserie+Tomoko/data=!4m2!3m1!1s0x89c2595b96142e07:0xf0afbd200c3abadc,🥨 Snack,
Martha's Country Bakery,,https://www.google.com/maps/place/Martha's+Country+Bakery/data=!4m2!3m1!1s0x89c2596089d70501:0xd47b8f9f0818b671,🥨 Snack,
Grand Street Local,,https://www.google.com/maps/place/Grand+Street+Local/data=!4m2!3m1!1s0x89c2596051940001:0xe9dd86a4f1d307fc,🛍️ Shopping,
Stella Dallas Living,,https://www.google.com/maps/place/Stella+Dallas+Living/data=!4m2!3m1!1s0x89c2595ed30a8593:0x88b456fc3dd0c6ae,🛍️ Shopping,
10 ft Single by Stella Dallas,,https://www.google.com/maps/place/10+ft+Single+by+Stella+Dallas/data=!4m2!3m1!1s0x89c259592d23653d:0xd8ce47d312cb3b61,🛍️ Shopping,
Prem Thai Restaurant and Noodle Bar,,https://www.google.com/maps/place/Prem+Thai+Restaurant+and+Noodle+Bar/data=!4m2!3m1!1s0x89c25b0035e05b59:0xb8b165ac15af0d3f,🍽️ Restaurant,
SALSWEE,,https://www.google.com/maps/place/SALSWEE/data=!4m2!3m1!1s0x89c259be40a4b191:0x29821fd0893e8611,☕️ Cafe,
Ayada,,https://www.google.com/maps/place/Ayada/data=!4m2!3m1!1s0x89c25faa929e13a5:0xff28104863c530c7,🍽️ Restaurant,
Conwell Coffee & Cocktail Hall,,https://www.google.com/maps/place/Conwell+Coffee+%26+Cocktail+Hall/data=!4m2!3m1!1s0x89c25bfb38013381:0xa2be61274a2c8dd5,☕️ Cafe,
Blue Brown Cafe,,https://www.google.com/maps/place/Blue+Brown+Cafe/data=!4m2!3m1!1s0x89c259af86b1342b:0x56ae054bb9661039,☕️ Cafe,
Coffee Project New York | East Village,,https://www.google.com/maps/place/Coffee+Project+New+York+%7C+East+Village/data=!4m2!3m1!1s0x89c2599b5a24d7fd:0x9e354f6cf514b9fc,☕️ Cafe,
Arete Studios,,https://www.google.com/maps/place/Arete+Studios/data=!4m2!3m1!1s0x89c259dd10808259:0x67c3394122955bd2,🛍️ Shopping,
Mimi's Frozen Yogurt,,https://www.google.com/maps/place/Mimi's+Frozen+Yogurt/data=!4m2!3m1!1s0x89c2595a6cbbea7d:0x4503d02d97943947,🥨 Snack,
Moono,,https://www.google.com/maps/place/Moono/data=!4m2!3m1!1s0x89c259fa034b6069:0x1affa8a2058605f,🍽️ Restaurant,
GRIND THE NYC COFFEE SHOP & BAGEL HOUSE,,https://www.google.com/maps/place/GRIND+THE+NYC+COFFEE+SHOP+%26+BAGEL+HOUSE/data=!4m2!3m1!1s0x89c259125a931087:0x3d471d4575240620,☕️ Cafe,
Salt Bread Ko,,https://www.google.com/maps/place/Salt+Bread+Ko/data=!4m2!3m1!1s0x89c259d12f2967e9:0x49476d62b6786bf0,🥨 Snack,
Taishoken NYC,,https://www.google.com/maps/place/Taishoken+NYC/data=!4m2!3m1!1s0x89c2597b8c707a47:0xf2eb1476f412d9e9,🍽️ Restaurant,
The Back Room,,https://www.google.com/maps/place/The+Back+Room/data=!4m2!3m1!1s0x89c259811e7d8d9d:0xac44d532c045cf7e,,
Lucinda's,,https://www.google.com/maps/place/Lucinda's/data=!4m2!3m1!1s0x89c25945c40e498d:0x21ce7a10e7fab6e2,,
The Ripple Room,,https://www.google.com/maps/place/The+Ripple+Room/data=!4m2!3m1!1s0x89c259004fb13eab:0x5e453c91bc0af036,,
Union Pool,,https://www.google.com/maps/place/Union+Pool/data=!4m2!3m1!1s0x89c259596cfc174d:0x86b6b9e123c6dd36,,
Kaew Jao Jorm,,https://www.google.com/maps/place/Kaew+Jao+Jorm/data=!4m2!3m1!1s0x89c2594c24c1fac9:0xcadc273e181c0f3,🍽️ Restaurant,
The Django,,https://www.google.com/maps/place/The+Django/data=!4m2!3m1!1s0x89c2598a97ed08eb:0xd5c7bd06918aae0b,,
Thx It's Thrifted,,https://www.google.com/maps/place/Thx+It's+Thrifted/data=!4m2!3m1!1s0x89c25bd789eab71d:0x398fe9a98cc2fb92,🛍️ Shopping,
The Mandarin,,https://www.google.com/maps/place/The+Mandarin/data=!4m2!3m1!1s0x89c25bec55f61dc3:0xf532111af3823914,☕️ Cafe,
Dream Baby Bar and Cocktail Parlour,,https://www.google.com/maps/place/Dream+Baby+Bar+and+Cocktail+Parlour/data=!4m2!3m1!1s0x89c2597706cb3b0d:0x783bfb42431af1a2,🕺 Club,
Jewel Box,,https://www.google.com/maps/place/Jewel+Box/data=!4m2!3m1!1s0x89c259000b4c47fd:0x883d6bf63b1bad85,🕺 Club,
Rice & Miso,,https://www.google.com/maps/place/Rice+%26+Miso/data=!4m2!3m1!1s0x89c25a52c63b21e7:0xab0102996c62bba4,🍽️ Restaurant,
Michele Varian Shop & Design,,https://www.google.com/maps/place/Michele+Varian+Shop+%26+Design/data=!4m2!3m1!1s0x89c2598972ea084d:0x3bba3777c72f1ffa,🛍️ Shopping,
Humble House,,https://www.google.com/maps/place/Humble+House/data=!4m2!3m1!1s0x89c25be1ea1e8037:0x618795897a4906d9,🛍️ Shopping,
Foyer Vintage Store,,https://www.google.com/maps/place/Foyer+Vintage+Store/data=!4m2!3m1!1s0x89c25a4d6b342e2d:0x8bb82c25688e57d5,🛍️ Shopping,
PORTA,,https://www.google.com/maps/place/PORTA/data=!4m2!3m1!1s0x89c25b76d04b1d47:0x750cac0c3fb72cc3,🛍️ Shopping,
Horseman Antiques,,https://www.google.com/maps/place/Horseman+Antiques/data=!4m2!3m1!1s0x89c25a4da2d26867:0x9cc94e3a6af9484e,🛍️ Shopping,
Public Records,,https://www.google.com/maps/place/Public+Records/data=!4m2!3m1!1s0x89c25ba1b892bd29:0xfb7fedf54f42e4c8,🍽️ Restaurant,
Still Life,,https://www.google.com/maps/place/Still+Life/data=!4m2!3m1!1s0x89c25b168af3369f:0x2c9cfa0797ca40b4,☕️ Cafe,
Peter Luger Steak House,,https://www.google.com/maps/place/Peter+Luger+Steak+House/data=!4m2!3m1!1s0x89c25bdedbcaf647:0x469a1d01423a03f2,🍽️ Restaurant,
Canyon Coffee,,https://www.google.com/maps/place/Canyon+Coffee/data=!4m2!3m1!1s0x89c25b0045b2478f:0xbcfd8bb43923ac11,☕️ Cafe,
New York Memento,,https://www.google.com/maps/place/New+York+Memento/data=!4m2!3m1!1s0x89c2590056a45c23:0x81e295c14a9a98b2,🤡 Fun,
H Mart,,https://www.google.com/maps/place/H+Mart/data=!4m2!3m1!1s0x89c259a8e486e29b:0x1d365158f34a60cd,🤡 Fun,
Pikchi Photobooth,,https://www.google.com/maps/place/Pikchi+Photobooth/data=!4m2!3m1!1s0x89c259f24554faaf:0x8d696bb1ffc72c7b,🤡 Fun,
HOM Cafe & Wine,,https://www.google.com/maps/place/HOM+Cafe+%26+Wine/data=!4m2!3m1!1s0x89c25b5ce01b3da3:0x2a4343bf79d4cc46,,
Un Posto Italiano,,https://www.google.com/maps/place/Un+Posto+Italiano/data=!4m2!3m1!1s0x89c25baae90132bb:0xba0cdb23c2b8828a,☕️ Cafe,
Mr. Boddington's Studio,,https://www.google.com/maps/place/Mr.+Boddington's+Studio/data=!4m2!3m1!1s0x89c25abf122f65c3:0xa65f3329833f1f4a,🤡 Fun,
BLOK HILL,,https://www.google.com/maps/place/BLOK+HILL/data=!4m2!3m1!1s0x89c25b0741f5fe89:0xddbf7539351696f8,🛍️ Shopping,
The Analog Stationer,,https://www.google.com/maps/place/The+Analog+Stationer/data=!4m2!3m1!1s0x89c25b65e59e1fad:0x226ffa48a6f3c44a,🤡 Fun,
Unnameable Books,,https://www.google.com/maps/place/Unnameable+Books/data=!4m2!3m1!1s0x89c25ba67aea6cc5:0x14e902e24f9afb45,🤡 Fun,
Otway,,https://www.google.com/maps/place/Otway/data=!4m2!3m1!1s0x89c25ba3368835b3:0x99380cdd468cd430,🍽️ Restaurant,
Laser Wolf Brooklyn,,https://www.google.com/maps/place/Laser+Wolf+Brooklyn/data=!4m2!3m1!1s0x89c2598475b9242f:0x3b8ea2d783344096,🍽️ Restaurant,
Crosby Street Hotel,,https://www.google.com/maps/place/Crosby+Street+Hotel/data=!4m2!3m1!1s0x89c2598f292082a5:0xf8d559645cb0dd32,🍽️ Restaurant,
I Sodi,,https://www.google.com/maps/place/I+Sodi/data=!4m2!3m1!1s0x89c259936081692b:0x56383ad400283e21,🍽️ Restaurant,
ATLA Noho,,https://www.google.com/maps/place/ATLA+Noho/data=!4m2!3m1!1s0x89c2599ab28a232d:0xc33edaada8353ffe,🍽️ Restaurant,
King,,https://www.google.com/maps/place/King/data=!4m2!3m1!1s0x89c2598d9da92d9b:0x5e7666e4a2cc60bd,🍽️ Restaurant,
Kiki's,,https://www.google.com/maps/place/Kiki's/data=!4m2!3m1!1s0x89c25a28f45aed0f:0x1edb7a4bfca2349d,🍽️ Restaurant,
Beacon's Closet,,https://www.google.com/maps/place/Beacon's+Closet/data=!4m2!3m1!1s0x89c25c0127e7d3d1:0x4a1b3cec05be4eb3,🛍️ Shopping,
Beacon's Closet,,https://www.google.com/maps/place/Beacon's+Closet/data=!4m2!3m1!1s0x89c2595d31347b73:0x4a3893c7d2de8fd0,🛍️ Shopping,
Other People's Clothes,,https://www.google.com/maps/place/Other+People's+Clothes/data=!4m2!3m1!1s0x89c25df7f2862c95:0xc263003e5ca8f9e3,🛍️ Shopping,
Other People's Clothes,,https://www.google.com/maps/place/Other+People's+Clothes/data=!4m2!3m1!1s0x89c25b05372daca7:0x22e6826209362eb2,🛍️ Shopping,
Smør Bakery,,https://www.google.com/maps/place/Sm%C3%B8r+Bakery/data=!4m2!3m1!1s0x89c259001dc78009:0x820a3fb0b4a3f226,☕️ Cafe,
Smør,,https://www.google.com/maps/place/Sm%C3%B8r/data=!4m2!3m1!1s0x89c25b007781de89:0x51d54aaf45d5717b,☕️ Cafe,
The Stumble Inn,,https://www.google.com/maps/place/The+Stumble+Inn/data=!4m2!3m1!1s0x89c258bf7f074967:0xe4312819e17a2aa3,,
Jua,,https://www.google.com/maps/place/Jua/data=!4m2!3m1!1s0x89c2594f201b387d:0xdf648c6313c51875,🍽️ Restaurant,
Goods for the Study Nolita,,https://www.google.com/maps/place/Goods+for+the+Study+Nolita/data=!4m2!3m1!1s0x89c2598f4ba6d2a1:0xc39fc2560d2e9085,🛍️ Shopping,
The Meadow - Mulberry St.,,https://www.google.com/maps/place/The+Meadow+-+Mulberry+St./data=!4m2!3m1!1s0x89c25994ab6a9741:0xc2c46992d6b4729e,🛍️ Shopping,
Tigre,,https://www.google.com/maps/place/Tigre/data=!4m2!3m1!1s0x89c259681dac821b:0xffdffafa20dec5cb,,
Frog,,https://www.google.com/maps/place/Frog/data=!4m2!3m1!1s0x89c25ba48656cfcf:0x8890239d77f2d415,,
Dutch Kills,,https://www.google.com/maps/place/Dutch+Kills/data=!4m2!3m1!1s0x89c2592a40265cc1:0x107bcc419a23d825,,
Evisu New York,,https://www.google.com/maps/place/Evisu+New+York/data=!4m2!3m1!1s0x89c259defc6e9905:0xd468c2da745db71a,🛍️ Shopping,
The ReShop,,https://www.google.com/maps/place/The+ReShop/data=!4m2!3m1!1s0x89c2596d5e56fa45:0xa842665f3fdfe0cd,🛍️ Shopping,
Juliana’s,,https://www.google.com/maps/place/Juliana%E2%80%99s/data=!4m2!3m1!1s0x89c25a30b6f90a01:0x92c313ff52121104,🍽️ Restaurant,
A Taste of Katz's,,https://www.google.com/maps/place/A+Taste+of+Katz's/data=!4m2!3m1!1s0x89c25a4cb2154dbf:0x2d3b2f258f49ec56,,
Dialogue Coffee & Flowers,,https://www.google.com/maps/place/Dialogue+Coffee+%26+Flowers/data=!4m2!3m1!1s0x89c259a845f25f8f:0x4ce01082a7ada2af,☕️ Cafe,
TUMBAO,,https://www.google.com/maps/place/TUMBAO/data=!4m2!3m1!1s0x89c25b0a04bc1191:0x1fbd156370ee51f5,🛍️ Shopping,
Aquelarre Shop,,https://www.google.com/maps/place/Aquelarre+Shop/data=!4m2!3m1!1s0x80c2b9d4aed6319f:0xb8ecb8bd1cf90e6e,🛍️ Shopping,
A Shop of Things,,https://www.google.com/maps/place/A+Shop+of+Things/data=!4m2!3m1!1s0x89c25b5ec19290c9:0x52096d34d1f1e559,🛍️ Shopping,
NO GEM,,https://www.google.com/maps/place/NO+GEM/data=!4m2!3m1!1s0x89c25b7a643187d9:0xaac3cb8801f5dff5,🛍️ Shopping,
Coming Soon,,https://www.google.com/maps/place/Coming+Soon/data=!4m2!3m1!1s0x89c25a29c9536351:0xffbe03f1e3530a14,🛍️ Shopping,
Arthur Avenue Retail Market,,https://www.google.com/maps/place/Arthur+Avenue+Retail+Market/data=!4m2!3m1!1s0x89c2f4874335cded:0x87011fd99b375fb5,🛍️ Shopping,
Union Square Greenmarket,,https://www.google.com/maps/place/Union+Square+Greenmarket/data=!4m2!3m1!1s0x89c2599f73100bf7:0x1e491fafbfbceda2,🛍️ Shopping,
Grand Central Market,,https://www.google.com/maps/place/Grand+Central+Market/data=!4m2!3m1!1s0x89c259023ac8dc8f:0x75febadbef55ecba,🛍️ Shopping,
Verse,,https://www.google.com/maps/place/Verse/data=!4m2!3m1!1s0x89c25f000278e50f:0xb26905b6f0dad703,☕️ Cafe,
From Lucie,,https://www.google.com/maps/place/From+Lucie/data=!4m2!3m1!1s0x89c259f1785a2917:0x728dee7e744d177d,🥨 Snack,
Fabrique Artisan Bakery,,https://www.google.com/maps/place/Fabrique+Artisan+Bakery/data=!4m2!3m1!1s0x89c2591dfa7d103f:0xf076dd95447fc641,🥨 Snack,
Little Cupcake Bakeshop,,https://www.google.com/maps/place/Little+Cupcake+Bakeshop/data=!4m2!3m1!1s0x89c2598f585d7627:0xac8afce849d773db,🥨 Snack,
Somedays Bakery - Flatiron,,https://www.google.com/maps/place/Somedays+Bakery+-+Flatiron/data=!4m2!3m1!1s0x89c2590002df7eaf:0xe2d572f1f1737596,🥨 Snack,
La Bicyclette Bakery,,https://www.google.com/maps/place/La+Bicyclette+Bakery/data=!4m2!3m1!1s0x89c25b943ae9a5c9:0x3082442077f43fc5,🥨 Snack,
Supermoon Bakehouse,,https://www.google.com/maps/place/Supermoon+Bakehouse/data=!4m2!3m1!1s0x89c259816b253671:0xa982ed6d6875ed61,🥨 Snack,
Librae Bakery,,https://www.google.com/maps/place/Librae+Bakery/data=!4m2!3m1!1s0x89c25943f1ac200f:0x35eadc7fbe1dd768,🥨 Snack,
Radio Bakery,,https://www.google.com/maps/place/Radio+Bakery/data=!4m2!3m1!1s0x89c259f7069ad989:0x7eadffe63191e6a5,🥨 Snack,
Tai Pan Bakery,,https://www.google.com/maps/place/Tai+Pan+Bakery/data=!4m2!3m1!1s0x89c25a277175cedf:0x865c948546d06014,🥨 Snack,
Westlight,,https://www.google.com/maps/place/Westlight/data=!4m2!3m1!1s0x89c25942d18e435b:0x499f2c9ebc580a69,,
Smorgasburg Williamsburg,,https://www.google.com/maps/place/Smorgasburg+Williamsburg/data=!4m2!3m1!1s0x89c25967b1b8e0f7:0x927a439e1c9c3b8c,🛍️ Shopping,
Artists & Fleas Market Williamsburg,,https://www.google.com/maps/place/Artists+%26+Fleas+Market+Williamsburg/data=!4m2!3m1!1s0x89c25967a06fcc63:0xa15c7c34e760ff49,🛍️ Shopping,
Monk Vintage,,https://www.google.com/maps/place/Monk+Vintage/data=!4m2!3m1!1s0x89c2595c681e9723:0x70aebcc18d376028,🛍️ Shopping,
PPL,,https://www.google.com/maps/place/PPL/data=!4m2!3m1!1s0x89c25bd0233eae11:0x8d59e485e6212584,☕️ Cafe,
Sadelle's New York,,https://www.google.com/maps/place/Sadelle's+New+York/data=!4m2!3m1!1s0x89c2598e7111c53f:0x52f80ad77c5d5a84,🥓 Brunch,
Jabä,,https://www.google.com/maps/place/Jab%C3%A4/data=!4m2!3m1!1s0x89c259dc6b0c94c3:0xda4fa45c34598300,🍽️ Restaurant,
Soothr,,https://www.google.com/maps/place/Soothr/data=!4m2!3m1!1s0x89c25923d7bca4d1:0x5bbeae84d9924f22,🍽️ Restaurant,
Fish Cheeks,,https://www.google.com/maps/place/Fish+Cheeks/data=!4m2!3m1!1s0x89c259853cdfce81:0x9fddf144feac940,🍽️ Restaurant,
Metrograph,,https://www.google.com/maps/place/Metrograph/data=!4m2!3m1!1s0x89c25a29b0ecc1e7:0x56ae0ed254bafa79,,
Arcane Estate Coffee,,https://www.google.com/maps/place/Arcane+Estate+Coffee/data=!4m2!3m1!1s0x89c2592ae63d93f9:0xf472cce328f1924a,☕️ Cafe,
Domino Park,,https://www.google.com/maps/place/Domino+Park/data=!4m2!3m1!1s0x89c25941934bb85f:0x486aa5dc8e5c1416,,
New York Stock Exchange,,https://www.google.com/maps/place/New+York+Stock+Exchange/data=!4m2!3m1!1s0x89c25a161980d8a1:0x9e5797d5a981701d,,
DOORS NYC,,https://www.google.com/maps/place/DOORS+NYC/data=!4m2!3m1!1s0x89c2595ea8103417:0xaba8918c63859b39,🛍️ Shopping,
The RealReal,,https://www.google.com/maps/place/The+RealReal/data=!4m2!3m1!1s0x89c2598c053f281b:0x49217ce9f5498c77,🛍️ Shopping,
Rouje,,https://www.google.com/maps/place/Rouje/data=!4m2!3m1!1s0x89c259eff6c65067:0xf921f5af6d31a5e0,🛍️ Shopping,
& Other Stories,,https://www.google.com/maps/place/%26+Other+Stories/data=!4m2!3m1!1s0x89c2598efd2429e3:0x9c63308fd695dd53,🛍️ Shopping,
Two Hands,,https://www.google.com/maps/place/Two+Hands/data=!4m2!3m1!1s0x89c25a2016a99edb:0x88ec33f0145c91f8,🥓 Brunch,
Leon's Bagels,,https://www.google.com/maps/place/Leon's+Bagels/data=!4m2!3m1!1s0x89c25967b0b5a6d1:0x224d8dcf732be8f4,🥨 Snack,
Wah Fung No.1 Fast Food,,https://www.google.com/maps/place/Wah+Fung+No.1+Fast+Food/data=!4m2!3m1!1s0x89c25987ffa99e09:0xfbce3ee954c0d58a,🍽️ Restaurant,
Raku,,https://www.google.com/maps/place/Raku/data=!4m2!3m1!1s0x89c2596cd01077a3:0xa97c11b20f1fe952,🍽️ Restaurant,
LOS TACOS No.1,,https://www.google.com/maps/place/LOS+TACOS+No.1/data=!4m2!3m1!1s0x89c2593a04e62653:0xbf92982681b06bd5,🍽️ Restaurant,
Katz's Delicatessen,,https://www.google.com/maps/place/Katz's+Delicatessen/data=!4m2!3m1!1s0x89c2598f7ff4aa09:0x313547e757cb8cea,🍽️ Restaurant,
MUI,,https://www.google.com/maps/place/MUI/data=!4m2!3m1!1s0x89c259a8f11a9d89:0x427c7cf4577fe8cf,🍽️ Restaurant,
AUTOPHOTO | Photobooth Gallery &… Busier than usual,,https://www.google.com/maps/place/AUTOPHOTO+%7C+Photobooth+Gallery+%26%E2%80%A6+Busier+than+usual/data=!4m2!3m1!1s0x89c2595d7c4708db:0xa0a81107e4e832ab,🤡 Fun,
Wo Hop,,https://www.google.com/maps/place/Wo+Hop/data=!4m2!3m1!1s0x89c25bf26cccf805:0x422cf585e503c4ad,🍽️ Restaurant,
Thai Villa,,https://www.google.com/maps/place/Thai+Villa/data=!4m2!3m1!1s0x89c259a3b48fdf7d:0x1b80533593b46ffa,🍽️ Restaurant,
Subject: A Cocktail Bar,,https://www.google.com/maps/place/Subject:+A+Cocktail+Bar/data=!4m2!3m1!1s0x89c259823ccfc0f7:0xcf3ece390c1dab2e,,
The Mayfly,,https://www.google.com/maps/place/The+Mayfly/data=!4m2!3m1!1s0x89c2594e38958b59:0xc3e5f0d5dabd6d5e,,
Apotheke Chinatown,,https://www.google.com/maps/place/Apotheke+Chinatown/data=!4m2!3m1!1s0x89c25a26f12e1137:0x16c8e1352e0c1901,,
Xiang Hotpot-Brooklyn,,https://www.google.com/maps/place/Xiang+Hotpot-Brooklyn/data=!4m2!3m1!1s0x89c245c80d7a990f:0xa536dcd27351ac64,🍽️ Restaurant,
Mountain House Flushing 川山甲,,https://www.google.com/maps/place/Mountain+House+Flushing+%E5%B7%9D%E5%B1%B1%E7%94%B2/data=!4m2!3m1!1s0x89c2600e66ce62d9:0x44b0be75430098f9,🍽️ Restaurant,
Nick + Sons Bakery,,https://www.google.com/maps/place/Nick+%2B+Sons+Bakery/data=!4m2!3m1!1s0x89c25994bd6b9e9d:0x6d49df690dc17729,🥨 Snack,
Rule of Thirds,,https://www.google.com/maps/place/Rule+of+Thirds/data=!4m2!3m1!1s0x89c259e462570469:0x368b01c9e40d301e,🍽️ Restaurant,
Felice Pasta Bar,,https://www.google.com/maps/place/Felice+Pasta+Bar/data=!4m2!3m1!1s0x89c25b124d0bfe61:0x60c1baf42286dccf,🍽️ Restaurant,
Clinton St. Baking Company,,https://www.google.com/maps/place/Clinton+St.+Baking+Company/data=!4m2!3m1!1s0x89c259821bab0de1:0xc97c4df9856335f1,🥓 Brunch,
Bark Barbecue,,https://www.google.com/maps/place/Bark+Barbecue/data=!4m2!3m1!1s0x89c25b7a4a529dd3:0x3042c02739b37844,🍽️ Restaurant,
Fornino,,https://www.google.com/maps/place/Fornino/data=!4m2!3m1!1s0x89c25940d46850c7:0xb670efdc74f19f51,🍽️ Restaurant,
Martha's Country Bakery,,https://www.google.com/maps/place/Martha's+Country+Bakery/data=!4m2!3m1!1s0x89c25e2133f979af:0xa7f358088161d74f,🥨 Snack,
Partners Coffee — Cafe & Roastery,,https://www.google.com/maps/place/Partners+Coffee+%E2%80%94+Cafe+%26+Roastery/data=!4m2!3m1!1s0x89c2595df71a30d3:0x3b2bf8cb53885942,☕️ Cafe,
Hungry Ghost Coffee,,https://www.google.com/maps/place/Hungry+Ghost+Coffee/data=!4m2!3m1!1s0x89c25958eb1b37f5:0x75636c65a4127bfd,☕️ Cafe,
Esse Taco,,https://www.google.com/maps/place/Esse+Taco/data=!4m2!3m1!1s0x89c259d82621c835:0x4e813dd9dcf97c6d,🍽️ Restaurant,
Burrow,,https://www.google.com/maps/place/Burrow/data=!4m2!3m1!1s0x89c25a33bc5a35db:0x836fefcf95c270fd,🥨 Snack,
Sunday In Brooklyn,,https://www.google.com/maps/place/Sunday+In+Brooklyn/data=!4m2!3m1!1s0x89c25961f5821591:0xe87bf78ace54ae7d,🍽️ Restaurant,
Qahwah House Coffee - Williamsburg Brooklyn,,https://www.google.com/maps/place/Qahwah+House+Coffee+-+Williamsburg+Brooklyn/data=!4m2!3m1!1s0x89c25953721fc19d:0x185b29b3e7559d6e,🥓 Brunch,
Chino Grande,,https://www.google.com/maps/place/Chino+Grande/data=!4m2!3m1!1s0x89c259cbfdf0609f:0x631ae3ab85903ed8,🍽️ Restaurant,
Leo,,https://www.google.com/maps/place/Leo/data=!4m2!3m1!1s0x89c259f246a16dc1:0xffeefd33565822d9,🍽️ Restaurant,
The Four Horsemen,,https://www.google.com/maps/place/The+Four+Horsemen/data=!4m2!3m1!1s0x89c2595f978c306d:0xc4f5e97ed7458852,🍽️ Restaurant,
Myrtle Thai,,https://www.google.com/maps/place/Myrtle+Thai/data=!4m2!3m1!1s0x89c25bb8693041af:0x2c3ecbc2b05541fb,🍽️ Restaurant,
Sunset Park,,https://www.google.com/maps/place/Sunset+Park/data=!4m2!3m1!1s0x89c25ab3e466657d:0x83eb32ea80df632,,
Black Brick Coffee,,https://www.google.com/maps/place/Black+Brick+Coffee/data=!4m2!3m1!1s0x89c259604f0cc745:0x176cb125f51af5a6,☕️ Cafe,
Oxomoco,,https://www.google.com/maps/place/Oxomoco/data=!4m2!3m1!1s0x89c25940eeb3ffff:0xb204737f07ea317b,🍽️ Restaurant,
Happy Zoe Vegan Bakery,,https://www.google.com/maps/place/Happy+Zoe+Vegan+Bakery/data=!4m2!3m1!1s0x89c259c7a9f9254d:0x92c543604da0597d,🥨 Snack,
Spoonbill & Sugartown Books,,https://www.google.com/maps/place/Spoonbill+%26+Sugartown+Books/data=!4m2!3m1!1s0x89c2595e0435c1c7:0x8df47569003915b5,🛍️ Shopping,
Lisbonata,,https://www.google.com/maps/place/Lisbonata/data=!4m2!3m1!1s0x89c25b002db9014f:0x2af158f454d3e27f,🥨 Snack,
RHYTHM ZERO | GREENPOINT,,https://www.google.com/maps/place/RHYTHM+ZERO+%7C+GREENPOINT/data=!4m2!3m1!1s0x89c25924d1301dfd:0xe007bdb134654609,☕️ Cafe,
Apollo Bagels,,https://www.google.com/maps/place/Apollo+Bagels/data=!4m2!3m1!1s0x89c259006b5f41ef:0x87200d2c9acee1d0,🥨 Snack,
Bakeri,,https://www.google.com/maps/place/Bakeri/data=!4m2!3m1!1s0x89c25967849c1961:0x939b32bbc2eb3149,🥨 Snack,
Joe's Pizza,,https://www.google.com/maps/place/Joe's+Pizza/data=!4m2!3m1!1s0x89c2595e06e2d8fd:0x8c192a5ea7058108,🍽️ Restaurant,
Prince Street Pizza,,https://www.google.com/maps/place/Prince+Street+Pizza/data=!4m2!3m1!1s0x89c25985f7ec1beb:0x3c39f655da433d9d,🍽️ Restaurant,
L’industrie Pizzeria West Village,,https://www.google.com/maps/place/L%E2%80%99industrie+Pizzeria+West+Village/data=!4m2!3m1!1s0x89c2599568ac63f7:0x78fb89ff91782eb0,🍽️ Restaurant,
L'industrie Pizzeria,,https://www.google.com/maps/place/L'industrie+Pizzeria/data=!4m2!3m1!1s0x89c25be02249e843:0x95c3f90fbb6a4745,🍽️ Restaurant,
Una Pizza Napoletana,,https://www.google.com/maps/place/Una+Pizza+Napoletana/data=!4m2!3m1!1s0x89c25983f90bb601:0xa85e9b098e3afb21,🍽️ Restaurant,
United Nations Headquarters,,https://www.google.com/maps/place/United+Nations+Headquarters/data=!4m2!3m1!1s0x89c2591ce0874d11:0xc5fae28bdd3df635,,
Little Italy,,https://www.google.com/maps/place/Little+Italy/data=!4m2!3m1!1s0x89c2598845057def:0x9ecf1b969fbbb484,,
Flatiron Building,,https://www.google.com/maps/place/Flatiron+Building/data=!4m2!3m1!1s0x89c259a3f71c1f67:0xde2a6125ed704926,,
New York Public Library - Stephen A. Schwarzman Building,,https://www.google.com/maps/place/New+York+Public+Library+-+Stephen+A.+Schwarzman+Building/data=!4m2!3m1!1s0x89c2590099a8a8a9:0x3b51df6e509a734c,,
Intrepid Museum,,https://www.google.com/maps/place/Intrepid+Museum/data=!4m2!3m1!1s0x89c2584ed560199f:0x22362b652743ff1,🖼️ Museum,
Trinity Church,,https://www.google.com/maps/place/Trinity+Church/data=!4m2!3m1!1s0x89c25a10ced9576d:0x108ca86bfa93609e,,
Statue of Liberty,,https://www.google.com/maps/place/Statue+of+Liberty/data=!4m2!3m1!1s0x89c25090129c363d:0x40c6a5770d25022b,,
9/11 Memorial & Museum,,https://www.google.com/maps/place/9%2F11+Memorial+%26+Museum/data=!4m2!3m1!1s0x89c25a1a3be8cb45:0xf430ccc5401d1eed,🖼️ Museum,
Ground Zero,,https://www.google.com/maps/place/Ground+Zero/data=!4m2!3m1!1s0x89c25b47e26b0d4d:0x573349b2dd528582,,
Oculus World Trade Center,,https://www.google.com/maps/place/Oculus+World+Trade+Center/data=!4m2!3m1!1s0x89c25b3ec115fee1:0x3379bef08da10ec1,,
St. Patrick's Cathedral,,https://www.google.com/maps/place/St.+Patrick's+Cathedral/data=!4m2!3m1!1s0x89c258fc102f6e51:0x88603435e036aa5b,,
The Metropolitan Museum of Art,,https://www.google.com/maps/place/The+Metropolitan+Museum+of+Art/data=!4m2!3m1!1s0x89c25896f660c26f:0x3b2fa4f4b6c6a1fa,🖼️ Museum,
BLODA'S CHOICE Vintage store,,https://www.google.com/maps/place/BLODA'S+CHOICE+Vintage+store/data=!4m2!3m1!1s0x89c25fb6805fbc03:0xd10e089728e2445a,🛍️ Shopping,
Wolfgang's Steakhouse,,https://www.google.com/maps/place/Wolfgang's+Steakhouse/data=!4m2!3m1!1s0x89c259ab55823ab9:0xdfc36ec4ce37a569,🍽️ Restaurant,
Dover Street Market New York,,https://www.google.com/maps/place/Dover+Street+Market+New+York/data=!4m2!3m1!1s0x89c25908147e2f4d:0x708cff5aee1ebb71,🛍️ Shopping,
Reservations Only Vintage,,https://www.google.com/maps/place/Reservations+Only+Vintage/data=!4m2!3m1!1s0x89c25b0566f171df:0x8cd2baa7e98e679,🛍️ Shopping,
Above Chinatown,,https://www.google.com/maps/place/Above+Chinatown/data=!4m2!3m1!1s0x89c25bf9d1cd40dd:0x6b0eecdd5e54aac0,🛍️ Shopping,
ACME,,https://www.google.com/maps/place/ACME/data=!4m2!3m1!1s0x89c2599aad9028c9:0x23ce1d3bc6d923bd,🕺 Club,
Patisserie Fouet,,https://www.google.com/maps/place/Patisserie+Fouet/data=!4m2!3m1!1s0x89c259007a95d9dd:0x423d76de90f7cecf,🥨 Snack,
Tomatoes Vintage,,https://www.google.com/maps/place/Tomatoes+Vintage/data=!4m2!3m1!1s0x89c25bda623636f1:0x8719ea73858dca4a,🛍️ Shopping,
Eileen's Special Cheesecake,,https://www.google.com/maps/place/Eileen's+Special+Cheesecake/data=!4m2!3m1!1s0x89c25988dc90e369:0x3a0e74d10d91383,🥨 Snack,
Dominique Ansel Bakery,,https://www.google.com/maps/place/Dominique+Ansel+Bakery/data=!4m2!3m1!1s0x89c2598c5a8e423f:0x501f1a0240e2f39a,🥨 Snack,
Keki Modern Cakes,,https://www.google.com/maps/place/Keki+Modern+Cakes/data=!4m2!3m1!1s0x89c25a2774a7b573:0x72861c723400246e,🥨 Snack,
Sweet Rehab,,https://www.google.com/maps/place/Sweet+Rehab/data=!4m2!3m1!1s0x89c25927a846d0fd:0xd549cb51b3680e9c,🥨 Snack,
Wenwen,,https://www.google.com/maps/place/Wenwen/data=!4m2!3m1!1s0x89c2595f20f6ca99:0xee8ef144f9bfebaf,🍽️ Restaurant,
OK Ryan,,https://www.google.com/maps/place/OK+Ryan/data=!4m2!3m1!1s0x89c2600c5625f629:0xf50d594ec608435,🍽️ Restaurant,
Taiwan Pork Chop House,,https://www.google.com/maps/place/Taiwan+Pork+Chop+House/data=!4m2!3m1!1s0x89c25bea201da5cd:0xe20c0187335eb582,🍽️ Restaurant,
Taiwanese Gourmet,,https://www.google.com/maps/place/Taiwanese+Gourmet/data=!4m2!3m1!1s0x89c25e52c83ff4c3:0xb2a20416ce4e84c5,🍽️ Restaurant,
Main Street Imperial Taiwanese,,https://www.google.com/maps/place/Main+Street+Imperial+Taiwanese/data=!4m2!3m1!1s0x89c2606f6bd4aceb:0x4edc7dbb97c141be,🍽️ Restaurant,
Four Four South Village 四四南村 - 46th Street,,https://www.google.com/maps/place/Four+Four+South+Village+%E5%9B%9B%E5%9B%9B%E5%8D%97%E6%9D%91+-+46th+Street/data=!4m2!3m1!1s0x89c25972a312d097:0xeaa2124d02c25eec,🍽️ Restaurant,
Win Son Bakery,,https://www.google.com/maps/place/Win+Son+Bakery/data=!4m2!3m1!1s0x89c25b9f9a844559:0x874264acd136a40f,🥨 Snack,
Win Son,,https://www.google.com/maps/place/Win+Son/data=!4m2!3m1!1s0x89c25bfc4ad8e6e3:0x4a3873012de5123e,🍽️ Restaurant,
247 Montgomery St,,https://www.google.com/maps/place/247+Montgomery+St/data=!4m2!3m1!1s0x89c250b116d44853:0xac0fbad5ef93e77b,🏠 🏠,
Santi,,https://www.google.com/maps/place/Santi/data=!4m2!3m1!1s0x89c259001279d139:0xe80357beb656d43f,🍽️ Restaurant,
Francie,,https://www.google.com/maps/place/Francie/data=!4m2!3m1!1s0x89c25b99b57f95df:0x6e98fe590a6989ce,🍽️ Restaurant,
Café Carmellini,,https://www.google.com/maps/place/Caf%C3%A9+Carmellini/data=!4m2!3m1!1s0x89c259faaeaab06f:0x2befe2a532b4e015,🍽️ Restaurant,
One White Street,,https://www.google.com/maps/place/One+White+Street/data=!4m2!3m1!1s0x89c25962c1d32521:0xa86f1e23c7388922,🍽️ Restaurant,
SEY Coffee,,https://www.google.com/maps/place/SEY+Coffee/data=!4m2!3m1!1s0x89c25c0105373fb7:0x783a86971e7d46ad,☕️ Cafe,
SCALINO GP,,https://www.google.com/maps/place/SCALINO+GP/data=!4m2!3m1!1s0x89c25944487fb5df:0xb404d8d89276c3e8,🍽️ Restaurant,
ENLY,,https://www.google.com/maps/place/ENLY/data=!4m2!3m1!1s0x89c2599b43264173:0x1ad925117415a479,☕️ Cafe,
Barbetta,,https://www.google.com/maps/place/Barbetta/data=!4m2!3m1!1s0x89c2585408007bef:0x8dba8cb4b56c6bb,🍽️ Restaurant,
Wayan,,https://www.google.com/maps/place/Wayan/data=!4m2!3m1!1s0x89c259094ef2ba9b:0x2a3083a007c909b2,🍽️ Restaurant,
Crown Shy,,https://www.google.com/maps/place/Crown+Shy/data=!4m2!3m1!1s0x89c25a16344bffff:0xd7c97b5c890e7912,🍽️ Restaurant,
Dayglow,,https://www.google.com/maps/place/Dayglow/data=!4m2!3m1!1s0x89c25da30393efa7:0x5c6af6324d564bae,☕️ Cafe,
Ten Thousand Coffee,,https://www.google.com/maps/place/Ten+Thousand+Coffee/data=!4m2!3m1!1s0x89c25bbab962687d:0xf77d56b03562e51e,☕️ Cafe,
Devoción,,https://www.google.com/maps/place/Devoci%C3%B3n/data=!4m2!3m1!1s0x89c259292a99521f:0xddfc3772b4b10463,☕️ Cafe,
Simpl Coffee,,https://www.google.com/maps/place/Simpl+Coffee/data=!4m2!3m1!1s0x89c25b0066567dbb:0x5e5b874b8df6927d,☕️ Cafe,
La Cabra,,https://www.google.com/maps/place/La+Cabra/data=!4m2!3m1!1s0x89c2590b5700aed3:0x143482a9c81bf22b,☕️ Cafe,
Devoción,,https://www.google.com/maps/place/Devoci%C3%B3n/data=!4m2!3m1!1s0x89c259617ae5b78b:0xe919ce17bb09920e,☕️ Cafe,
Mountain House,,https://www.google.com/maps/place/Mountain+House/data=!4m2!3m1!1s0x89c2599c79b00001:0xef65378399982a9b,🍽️ Restaurant,
Mari Vanna,,https://www.google.com/maps/place/Mari+Vanna/data=!4m2!3m1!1s0x89c259a17e948395:0xe14d69ef152b9a9e,🍽️ Restaurant,
Temple Court,,https://www.google.com/maps/place/Temple+Court/data=!4m2!3m1!1s0x89c25a1878c40c3d:0x5ce593d3e428d3ef,🍽️ Restaurant,
three legged cat,,https://www.google.com/maps/place/three+legged+cat/data=!4m2!3m1!1s0x89c259bc7d752259:0x90366963d5541aa2,☕️ Cafe,
A Pasta Bar,,https://www.google.com/maps/place/A+Pasta+Bar/data=!4m2!3m1!1s0x89c2598b73700473:0x1fde2bdd58efc3da,🍽️ Restaurant,
Kinzan Omakase,,https://www.google.com/maps/place/Kinzan+Omakase/data=!4m2!3m1!1s0x89c259a57d12e413:0x39c3a71ab0abda30,🍽️ Restaurant,
Zero Otto Nove Manhattan,,https://www.google.com/maps/place/Zero+Otto+Nove+Manhattan/data=!4m2!3m1!1s0x89c259a3972862c7:0xa22eca5f96106713,🍽️ Restaurant,
RokuNana,,https://www.google.com/maps/place/RokuNana/data=!4m2!3m1!1s0x89c25986345bac8b:0x5448647a98af77ff,🍽️ Restaurant,
CLASS on 38th,,https://www.google.com/maps/place/CLASS+on+38th/data=!4m2!3m1!1s0x89c259a07f0548e1:0xa0d278244f9688d,🍽️ Restaurant,
Le Coucou,,https://www.google.com/maps/place/Le+Coucou/data=!4m2!3m1!1s0x89c25989f3630ecb:0xd048cf49523f429d,🍽️ Restaurant,
Oiji Mi,,https://www.google.com/maps/place/Oiji+Mi/data=!4m2!3m1!1s0x89c259664d15ed79:0x5c9ea8800269810d,🍽️ Restaurant,
Chalong Southern Thai,,https://www.google.com/maps/place/Chalong+Southern+Thai/data=!4m2!3m1!1s0x89c2591e368c0087:0x99124cb91291893a,🍽️ Restaurant,
Popular,,https://www.google.com/maps/place/Popular/data=!4m2!3m1!1s0x89c2597bf5efcea3:0x3d4b5165027dab96,🍽️ Restaurant,
Keens Steakhouse,,https://www.google.com/maps/place/Keens+Steakhouse/data=!4m2!3m1!1s0x89c259a92938cde7:0xa89dbb19d96569cc,🍽️ Restaurant,
Jora,,https://www.google.com/maps/place/Jora/data=!4m2!3m1!1s0x89c259245acc1031:0xa32cce65e4455472,🍽️ Restaurant,
53,,https://www.google.com/maps/place/53/data=!4m2!3m1!1s0x89c259278bd66a43:0xe167d77a7148bd29,🍽️ Restaurant,
Locanda Verde Tribeca,,https://www.google.com/maps/place/Locanda+Verde+Tribeca/data=!4m2!3m1!1s0x89c259f5852e694d:0x5bed69f7f928f84b,🍽️ Restaurant,
Koi Omakase,,https://www.google.com/maps/place/Koi+Omakase/data=!4m2!3m1!1s0x89c25b82b2826a49:0x4f8b165606fecae2,🍽️ Restaurant,
L'Artusi,,https://www.google.com/maps/place/L'Artusi/data=!4m2!3m1!1s0x89c25994a2220ac7:0xb5043ebd59fcdcb6,🍽️ Restaurant,
Nama at Aman New York,,https://www.google.com/maps/place/Nama+at+Aman+New+York/data=!4m2!3m1!1s0x89c259ec4192bf5b:0x8c428c4be5fe9f2e,🍽️ Restaurant,
Jungsik,,https://www.google.com/maps/place/Jungsik/data=!4m2!3m1!1s0x89c25a1fd1cd24a5:0xe06d9ff42b6b6f23,🍽️ Restaurant,
Torien,,https://www.google.com/maps/place/Torien/data=!4m2!3m1!1s0x89c25919b67c47d3:0x91cb196c9f5841a2,🍽️ Restaurant,
Hoexter's,,https://www.google.com/maps/place/Hoexter's/data=!4m2!3m1!1s0x89c259f09f726025:0xe93e4ffbdcbe80f4,🍽️ Restaurant,
Ikigai,,https://www.google.com/maps/place/Ikigai/data=!4m2!3m1!1s0x89c25b007127847d:0x3045d06b6da2aadf,🍽️ Restaurant,
The Jazz Club at Aman New York,,https://www.google.com/maps/place/The+Jazz+Club+at+Aman+New+York/data=!4m2!3m1!1s0x89c2592cf20d2d33:0x410ee18936da929f,🍽️ Restaurant,
Passerine,,https://www.google.com/maps/place/Passerine/data=!4m2!3m1!1s0x89c25973628d3d37:0x91f9b3e84f2c959a,🍽️ Restaurant,
Musaafer,,https://www.google.com/maps/place/Musaafer/data=!4m2!3m1!1s0x89c25b0003b521d3:0x5aff9b19dec3fd45,🍽️ Restaurant,
The Golden Swan,,https://www.google.com/maps/place/The+Golden+Swan/data=!4m2!3m1!1s0x89c2594650ed25e1:0xd6556d9baf034421,🍽️ Restaurant,
Genesis House,,https://www.google.com/maps/place/Genesis+House/data=!4m2!3m1!1s0x89c259c390fd573f:0x21fc704b83214e60,🍽️ Restaurant,
Manhatta,,https://www.google.com/maps/place/Manhatta/data=!4m2!3m1!1s0x89c25bc797d635a1:0x60b055910436a0a4,🍽️ Restaurant,
The Leopard at des Artistes,,https://www.google.com/maps/place/The+Leopard+at+des+Artistes/data=!4m2!3m1!1s0x89c258f4bf692e2b:0x9104289ecce59bb4,🍽️ Restaurant,
Shukette,,https://www.google.com/maps/place/Shukette/data=!4m2!3m1!1s0x89c259a8a3d9a6b9:0xa91f343a1ae86384,🍽️ Restaurant,
Portale,,https://www.google.com/maps/place/Portale/data=!4m2!3m1!1s0x89c2592b2ea83bf9:0x2683844199470481,🍽️ Restaurant,
Mitr Thai Restaurant,,https://www.google.com/maps/place/Mitr+Thai+Restaurant/data=!4m2!3m1!1s0x89c259c2d782a2dd:0x42f5e1bd339df757,🍽️ Restaurant,
Raku,,https://www.google.com/maps/place/Raku/data=!4m2!3m1!1s0x89c2599cd02ee1f1:0x6716c1f123435a34,🍽️ Restaurant,
Leitao,,https://www.google.com/maps/place/Leitao/data=!4m2!3m1!1s0x89c25994ca6f25fb:0xd6736dd24abe791b,🍽️ Restaurant,
SaiTong Thai,,https://www.google.com/maps/place/SaiTong+Thai/data=!4m2!3m1!1s0x89c2592aa7b98c2b:0xe91ce16d3d3fa6ec,🍽️ Restaurant,
Momokawa,,https://www.google.com/maps/place/Momokawa/data=!4m2!3m1!1s0x89c258c0ab3df973:0x3f5cd67e6fb81efe,🍽️ Restaurant,
konban NYC,,https://www.google.com/maps/place/konban+NYC/data=!4m2!3m1!1s0x89c259cd8ad164bd:0xb17053d7b7443f4d,🍽️ Restaurant,
Don Angie,,https://www.google.com/maps/place/Don+Angie/data=!4m2!3m1!1s0x89c25995f4b5107f:0xb7d70b00818a6b5f,🍽️ Restaurant,
Saint Julivert,,https://www.google.com/maps/place/Saint+Julivert/data=!4m2!3m1!1s0x89c25b57c4a9ff0b:0x60706e76f43efcb8,🍽️ Restaurant,
Pranakhon,,https://www.google.com/maps/place/Pranakhon/data=!4m2!3m1!1s0x89c259c29d3f6979:0xa75b49602df01d5,🍽️ Restaurant,
Bangkok Supper Club,,https://www.google.com/maps/place/Bangkok+Supper+Club/data=!4m2!3m1!1s0x89c259350ea1dbbd:0xa4414d5a0ffb0e7a,🍽️ Restaurant,
JoJo by Jean-Georges,,https://www.google.com/maps/place/JoJo+by+Jean-Georges/data=!4m2!3m1!1s0x89c258eed435d923:0x840af7ca6f4a7625,🍽️ Restaurant,
The Dead Rabbit,,https://www.google.com/maps/place/The+Dead+Rabbit/data=!4m2!3m1!1s0x89c25a1469891821:0xea6b2acef790acd8,,
Le Pavillon,,https://www.google.com/maps/place/Le+Pavillon/data=!4m2!3m1!1s0x89c259eb7709c08d:0x9dae949d90a44127,🍽️ Restaurant,
Place des Fêtes,,https://www.google.com/maps/place/Place+des+F%C3%AAtes/data=!4m2!3m1!1s0x89c25b6598f21eb7:0x3d2755c3274136cc,🍽️ Restaurant,
Samwoojung,,https://www.google.com/maps/place/Samwoojung/data=!4m2!3m1!1s0x89c2596568c74e1d:0x2d1e837d97066148,🍽️ Restaurant,
In Common NYC - A Breakfast & Brunch Restaurant,,https://www.google.com/maps/place/In+Common+NYC+-+A+Breakfast+%26+Brunch+Restaurant/data=!4m2!3m1!1s0x89c259b52862a671:0xd50cb6d3dbcffc98,🥓 Brunch,
TONCHIN NEW YORK,,https://www.google.com/maps/place/TONCHIN+NEW+YORK/data=!4m2!3m1!1s0x89c259a98ab30107:0x46b7547c1f13736f,🍽️ Restaurant,
Little Ruby's SoHo,,https://www.google.com/maps/place/Little+Ruby's+SoHo/data=!4m2!3m1!1s0x89c25988cae82479:0x4921cfc532487554,🍽️ Restaurant,
THEP Thai Restaurant,,https://www.google.com/maps/place/THEP+Thai+Restaurant/data=!4m2!3m1!1s0x89c258c07a5ea5cf:0x5cf2ab26e12e1634,🍽️ Restaurant,
Cho Dang Gol,,https://www.google.com/maps/place/Cho+Dang+Gol/data=!4m2!3m1!1s0x89c259a963364753:0xcf37071ffd9c5c2a,🍽️ Restaurant,
Tompkins Square Bagels | East Village Bagels,,https://www.google.com/maps/place/Tompkins+Square+Bagels+%7C+East+Village+Bagels/data=!4m2!3m1!1s0x89c259762e26a813:0xf37426d261b7d2db,🥨 Snack,
Ess-a-Bagel,,https://www.google.com/maps/place/Ess-a-Bagel/data=!4m2!3m1!1s0x89c2590b266a5bc3:0x50d44427fdf02a9,🥨 Snack,
Kanoyama,,https://www.google.com/maps/place/Kanoyama/data=!4m2!3m1!1s0x89c2599c28f23a43:0x96dd219cb7507f60,🍽️ Restaurant,
Leo's Bagels,,https://www.google.com/maps/place/Leo's+Bagels/data=!4m2!3m1!1s0x89c25a16811c3d49:0x9d94f27d104bc465,🥨 Snack,
Russ & Daughters,,https://www.google.com/maps/place/Russ+%26+Daughters/data=!4m2!3m1!1s0x89c259838d0451ed:0x28bb3770b1dd464b,🥨 Snack,
Liberty Bagels Midtown,,https://www.google.com/maps/place/Liberty+Bagels+Midtown/data=!4m2!3m1!1s0x89c259b20c906a11:0xa89ffd125470aef0,🥨 Snack,
Cathédrale Restaurant,,https://www.google.com/maps/place/Cath%C3%A9drale+Restaurant/data=!4m2!3m1!1s0x89c2597287a09225:0x86ecccf38f4be271,🍽️ Restaurant,
The Fulton by Jean-Georges,,https://www.google.com/maps/place/The+Fulton+by+Jean-Georges/data=!4m2!3m1!1s0x89c25b40e9297c69:0xe82281afc7bda8d4,🍽️ Restaurant,
Buddakan,,https://www.google.com/maps/place/Buddakan/data=!4m2!3m1!1s0x89c259bf3e57060b:0x4f1608274f5e6fe6,🍽️ Restaurant,
Electric Lemon,,https://www.google.com/maps/place/Electric+Lemon/data=!4m2!3m1!1s0x89c2599b45c67321:0xee70d73b43f58696,🍽️ Restaurant,
Ye's Apothecary 夜莺,,https://www.google.com/maps/place/Ye's+Apothecary+%E5%A4%9C%E8%8E%BA/data=!4m2!3m1!1s0x89c2598cc6f4f1d7:0xa99e4cae31242689,,
Martiny’s,,https://www.google.com/maps/place/Martiny%E2%80%99s/data=!4m2!3m1!1s0x89c259db1ccc1cff:0xf946757dd9a05875,,
schmuck.,,https://www.google.com/maps/place/schmuck./data=!4m2!3m1!1s0x89c2590077fd65ab:0x74ceb66d0bd25576,,
Double Chicken Please,,https://www.google.com/maps/place/Double+Chicken+Please/data=!4m2!3m1!1s0x89c2594f17616e23:0xfe458d735da2699e,,
Sip&Guzzle,,https://www.google.com/maps/place/Sip%26Guzzle/data=!4m2!3m1!1s0x89c2595f07acd2e3:0xbf4202b1312b5cf1,,
Chinato,,https://www.google.com/maps/place/Chinato/data=!4m2!3m1!1s0x89c25907c9d0017b:0xeb3eef72875eccdf,,
Angel’s Share,,https://www.google.com/maps/place/Angel%E2%80%99s+Share/data=!4m2!3m1!1s0x89c2595740b0288b:0x992c21b7ae11bbee,,
Amor y Amargo,,https://www.google.com/maps/place/Amor+y+Amargo/data=!4m2!3m1!1s0x89c2599d4b19b339:0x54a834c20ae6f7d1,,
Old Friend Photobooth,,https://www.google.com/maps/place/Old+Friend+Photobooth/data=!4m2!3m1!1s0x89c25954bdae8b85:0xd8bccfea018f0bb0,🤡 Fun,
Superbueno,,https://www.google.com/maps/place/Superbueno/data=!4m2!3m1!1s0x89c25968d57b736d:0x66559ce4e7393935,,
Retrography,,https://www.google.com/maps/place/Retrography/data=!4m2!3m1!1s0x89c25b810156ee4d:0xab824608de8b99c,🤡 Fun,
SomethingSoft Photo Booth,,https://www.google.com/maps/place/SomethingSoft+Photo+Booth/data=!4m2!3m1!1s0x89c25965223dab07:0xd273ff4885c2ee1c,🤡 Fun,
Mother's Ruin,,https://www.google.com/maps/place/Mother's+Ruin/data=!4m2!3m1!1s0x89c25988a149e263:0x7ea3c97ae958c117,,
Death & Co East Village,,https://www.google.com/maps/place/Death+%26+Co+East+Village/data=!4m2!3m1!1s0x89c2599d344c4d29:0xf2d675ae58a2b743,,
Spring Lounge,,https://www.google.com/maps/place/Spring+Lounge/data=!4m2!3m1!1s0x89c25988c901a457:0x5d26cdf6e52b4fc,,
Maison Premiere,,https://www.google.com/maps/place/Maison+Premiere/data=!4m2!3m1!1s0x89c259604f86f55b:0xcb55e54de2d99b36,,
Attaboy,,https://www.google.com/maps/place/Attaboy/data=!4m2!3m1!1s0x89c25987040cb40d:0x20e5151ff00b2e55,,
Employees Only,,https://www.google.com/maps/place/Employees+Only/data=!4m2!3m1!1s0x89c25993546b3b2f:0x1e3586172610674e,,
Madame George,,https://www.google.com/maps/place/Madame+George/data=!4m2!3m1!1s0x89c25983043c781d:0x72fb1f8fbd8344a5,,
Tomi Jazz,,https://www.google.com/maps/place/Tomi+Jazz/data=!4m2!3m1!1s0x89c258e39ba7c455:0x54f3dcc370af689c,,
Katana Kitten,,https://www.google.com/maps/place/Katana+Kitten/data=!4m2!3m1!1s0x89c259fff09dbfa7:0x10088ec00a5b0bb5,,
Banzarbar,,https://www.google.com/maps/place/Banzarbar/data=!4m2!3m1!1s0x89c25985d70ebe53:0x1111d3379a0fec43,,
Pearlbox,,https://www.google.com/maps/place/Pearlbox/data=!4m2!3m1!1s0x89c25900522eb4b3:0xe3cd92ebd18357a8,,
Dante West Village,,https://www.google.com/maps/place/Dante+West+Village/data=!4m2!3m1!1s0x89c2595522e3b1b9:0x1aeb5136529256a,,
Bar Room at the Beekman,,https://www.google.com/maps/place/Bar+Room+at+the+Beekman/data=!4m2!3m1!1s0x89c25b01f1254ac3:0x3948092fa5b9eeeb,,
Swan Room,,https://www.google.com/maps/place/Swan+Room/data=!4m2!3m1!1s0x89c25bbb948c5fa7:0xa04abe4decc5dec3,,
The Newsroom,,https://www.google.com/maps/place/The+Newsroom/data=!4m2!3m1!1s0x89c259fc9628de5b:0x168f70a62ad908d5,🍽️ Restaurant,
Bathtub Gin,,https://www.google.com/maps/place/Bathtub+Gin/data=!4m2!3m1!1s0x89c259b928d13971:0xc72bdd5b757c64f,,
Fig. 19,,https://www.google.com/maps/place/Fig.+19/data=!4m2!3m1!1s0x89c25987ca93a26f:0xd8e8ddfbdcfa73fb,,
Sonnyboy,,https://www.google.com/maps/place/Sonnyboy/data=!4m2!3m1!1s0x89c2592098326295:0x6106df4f9231c640,🍽️ Restaurant,
The Noortwyck,,https://www.google.com/maps/place/The+Noortwyck/data=!4m2!3m1!1s0x89c2597e8a7e02eb:0xe004baa46437e646,🍽️ Restaurant,
Hole In The Wall,,https://www.google.com/maps/place/Hole+In+The+Wall/data=!4m2!3m1!1s0x89c2593e034f10cd:0xffd9be695c144077,🍽️ Restaurant,
Baby Blues Luncheonette,,https://www.google.com/maps/place/Baby+Blues+Luncheonette/data=!4m2!3m1!1s0x89c25bb699ca3d9b:0x44d3833931485c46,🍽️ Restaurant,
Dudleys,,https://www.google.com/maps/place/Dudleys/data=!4m2!3m1!1s0x89c25986d73d0b59:0x2ea830aa236e9e97,🍽️ Restaurant,
Little Ruby's West Village,,https://www.google.com/maps/place/Little+Ruby's+West+Village/data=!4m2!3m1!1s0x89c259b326fb014f:0xea48d0159a3a286f,🍽️ Restaurant,
Banter NYC - Murray Hill,,https://www.google.com/maps/place/Banter+NYC+-+Murray+Hill/data=!4m2!3m1!1s0x89c259090455a375:0x2f3660fb084c781f,🍽️ Restaurant,
Little Collins,,https://www.google.com/maps/place/Little+Collins/data=!4m2!3m1!1s0x89c259af84f24db9:0xb6a8d79d323b5b56,☕️ Cafe,
L'Amico,,https://www.google.com/maps/place/L'Amico/data=!4m2!3m1!1s0x89c259af466c25ab:0xf8ce230f428549ba,🍽️ Restaurant,
Davelle,,https://www.google.com/maps/place/Davelle/data=!4m2!3m1!1s0x89c2598100395b93:0x51584ab8d26b63ca,🍽️ Restaurant,
"Citizens Of Chelsea, A Breakfast Restaurant & Cafe",,"https://www.google.com/maps/place/Citizens+Of+Chelsea,+A+Breakfast+Restaurant+%26+Cafe/data=!4m2!3m1!1s0x89c259b0acc4672b:0x62a8f29f0691a693",🍽️ Restaurant,
Two Hands,,https://www.google.com/maps/place/Two+Hands/data=!4m2!3m1!1s0x89c259fc8b2cb479:0xd78632a6f7fb5519,🍽️ Restaurant,
Cafeteria,,https://www.google.com/maps/place/Cafeteria/data=!4m2!3m1!1s0x89c259bc576e6fdf:0xa6b40e37709dce7c,🍽️ Restaurant,
La Pecora Bianca NoMad,,https://www.google.com/maps/place/La+Pecora+Bianca+NoMad/data=!4m2!3m1!1s0x89c259a5d30bfd3d:0x88ed7e15edfea20f,🍽️ Restaurant,
Buvette,,https://www.google.com/maps/place/Buvette/data=!4m2!3m1!1s0x89c2599371d90113:0x93a1212483085df3,🍽️ Restaurant,
Jeju Noodle Bar,,https://www.google.com/maps/place/Jeju+Noodle+Bar/data=!4m2!3m1!1s0x89c259ecba3f2cbd:0x7bdf461ece9544c0,,
Hole In The Wall - Murray Hill,,https://www.google.com/maps/place/Hole+In+The+Wall+-+Murray+Hill/data=!4m2!3m1!1s0x89c259851312e7a1:0xdb5cd5d045bf913d,🍽️ Restaurant,
Duane Park,,https://www.google.com/maps/place/Duane+Park/data=!4m2!3m1!1s0x89c25a1e54a11403:0x36be61acd90c5cdd,🍽️ Restaurant,
140 Guernsey St,,https://www.google.com/maps/place/140+Guernsey+St/data=!4m2!3m1!1s0x89c25943f85ab6a1:0xf0961c625c14872f,🏠 🏠,
Urban Jungle,,https://www.google.com/maps/place/Urban+Jungle/data=!4m2!3m1!1s0x89c25c03d0200731:0xc716b18c26c0cda0,🛍️ Shopping,
Jersey Gardens,,https://www.google.com/maps/place/Jersey+Gardens/data=!4m2!3m1!1s0x89c24d00026ef5db:0x172a84bd9e396a45,🛍️ Shopping,
OKDONGSIK New York,,https://www.google.com/maps/place/OKDONGSIK+New+York/data=!4m2!3m1!1s0x89c2591c2849682d:0x25632b3aa278584f,🍽️ Restaurant,
Au Cheval,,https://www.google.com/maps/place/Au+Cheval/data=!4m2!3m1!1s0x89c25bb44ec0f1b7:0x4cfe753b3a1f111,🍽️ Restaurant,
Luigi's Pizza,,https://www.google.com/maps/place/Luigi's+Pizza/data=!4m2!3m1!1s0x89c25ae614c7ff57:0xc2db102b7c600406,🍽️ Restaurant,
Cafe Mogador,,https://www.google.com/maps/place/Cafe+Mogador/data=!4m2!3m1!1s0x89c2599d133e8f2b:0x2df7f1a7bf3e00bc,🍽️ Restaurant,
Century 21 NYC,,https://www.google.com/maps/place/Century+21+NYC/data=!4m2!3m1!1s0x89c25a19c4062963:0x7bbf9bafa112257f,🛍️ Shopping,
Cafe Mogador,,https://www.google.com/maps/place/Cafe+Mogador/data=!4m2!3m1!1s0x89c2596781ff9537:0x53272e68936b4f72,🍽️ Restaurant,
Bunny&Bro Coffee,,https://www.google.com/maps/place/Bunny%26Bro+Coffee/data=!4m2!3m1!1s0x89c2591049f5f775:0x19ccc68132d4a279,☕️ Cafe,
Rosemary's East,,https://www.google.com/maps/place/Rosemary's+East/data=!4m2!3m1!1s0x89c2597f8d77f7a9:0x4f7085f0b242584b,🍽️ Restaurant,
Ten Thousand Coffee,,https://www.google.com/maps/place/Ten+Thousand+Coffee/data=!4m2!3m1!1s0x89c259ea0e6d39f9:0x5ce07a69de5ef70d,☕️ Cafe,
Blind Barber,,https://www.google.com/maps/place/Blind+Barber/data=!4m2!3m1!1s0x89c25977a9b8f069:0x132ff27735ba248d,,
Record Room,,https://www.google.com/maps/place/Record+Room/data=!4m2!3m1!1s0x89c25929adc5dcb3:0xb6fbd006b2fdaa6a,,
Eataly,,https://www.google.com/maps/place/Eataly/data=!4m2!3m1!1s0x89c25a19fce21ebf:0x13a96ff759f9d689,🍽️ Restaurant,
Lost in Paradise Rooftop,,https://www.google.com/maps/place/Lost+in+Paradise+Rooftop/data=!4m2!3m1!1s0x89c259927ec6088d:0xe70dcfe6421fca44,,
Paterson Great Falls National Historical Park,,https://www.google.com/maps/place/Paterson+Great+Falls+National+Historical+Park/data=!4m2!3m1!1s0x89c2fdcf35f2eb1b:0xd7d6d2c929edd967,🏕️ Nature,
Mary Ellen Kramer Park,,https://www.google.com/maps/place/Mary+Ellen+Kramer+Park/data=!4m2!3m1!1s0x89c2fdc8bdadcbd5:0x9b78566f69f3f6b0,🏕️ Nature,
The Museum of Modern Art,,https://www.google.com/maps/place/The+Museum+of+Modern+Art/data=!4m2!3m1!1s0x89c258f97bdb102b:0xea9f8fc0b3ffff55,🖼️ Museum,
American Museum of Natural History,,https://www.google.com/maps/place/American+Museum+of+Natural+History/data=!4m2!3m1!1s0x89c258f4b00f7a09:0xa27d8172624c5db1,🖼️ Museum,
Old Friend Photobooth,,https://www.google.com/maps/place/Old+Friend+Photobooth/data=!4m2!3m1!1s0x89c2592addccda09:0x5239b92a161cd7f0,🤡 Fun,
Joyface,,https://www.google.com/maps/place/Joyface/data=!4m2!3m1!1s0x89c2599b309a53c9:0xe52ffff7e343c374,🕺 Club,
Jean's,,https://www.google.com/maps/place/Jean's/data=!4m2!3m1!1s0x89c259c3f692d34b:0x9193007689f69ac7,🍽️ Restaurant,
Gospel,,https://www.google.com/maps/place/Gospel/data=!4m2!3m1!1s0x89c2598f6c62133b:0x50dcebd56021455c,🕺 Club,
Studio 151,,https://www.google.com/maps/place/Studio+151/data=!4m2!3m1!1s0x89c2597745d445e5:0x381e02587cd2b3f1,,
Old Mates Pub,,https://www.google.com/maps/place/Old+Mates+Pub/data=!4m2!3m1!1s0x89c25b0043abc6d7:0xfb7fb9ee9fbc83cd,,
The Mulberry,,https://www.google.com/maps/place/The+Mulberry/data=!4m2!3m1!1s0x89c259b9529c705d:0x6686c270619d76fc,🕺 Club,
The Nines,,https://www.google.com/maps/place/The+Nines/data=!4m2!3m1!1s0x89c25998def2f209:0x20226532db7c1e62,🍽️ Restaurant,
Bar Belly,,https://www.google.com/maps/place/Bar+Belly/data=!4m2!3m1!1s0x89c25a29b5a73de5:0x13a3b71184089c66,,
Swift Hibernian Lounge,,https://www.google.com/maps/place/Swift+Hibernian+Lounge/data=!4m2!3m1!1s0x89c2599ad09d1a79:0x82535bed8c0a851b,,
Ray’s,,https://www.google.com/maps/place/Ray%E2%80%99s/data=!4m2!3m1!1s0x89c2593ce2c5ab29:0x9628c28786871ea6,,
Twins Lounge,,https://www.google.com/maps/place/Twins+Lounge/data=!4m2!3m1!1s0x89c25920253af1a1:0x7b5e291dc8bee190,,
TIME AGAIN,,https://www.google.com/maps/place/TIME+AGAIN/data=!4m2!3m1!1s0x89c25b3d5cecbb15:0xc48d627141e3e8c4,,
Hotel Delmano,,https://www.google.com/maps/place/Hotel+Delmano/data=!4m2!3m1!1s0x89c2595d7360eb85:0x6a26f9fec589ec6d,,
The Spaniard,,https://www.google.com/maps/place/The+Spaniard/data=!4m2!3m1!1s0x89c259938cf8402f:0xfc96e3124cdf0459,,
Elvis,,https://www.google.com/maps/place/Elvis/data=!4m2!3m1!1s0x89c2590052c187ed:0x589513606a0bcf77,,
Tom and Jerry's,,https://www.google.com/maps/place/Tom+and+Jerry's/data=!4m2!3m1!1s0x89c2598574c6aeff:0xd681d51064cf8508,,
Le Dive,,https://www.google.com/maps/place/Le+Dive/data=!4m2!3m1!1s0x89c25b44d3d085a3:0xced6a4583d9f6aa2,,
Bar Bonobo,,https://www.google.com/maps/place/Bar+Bonobo/data=!4m2!3m1!1s0x89c259f518e84313:0x35be92ba01636f37,,
Sauced,,https://www.google.com/maps/place/Sauced/data=!4m2!3m1!1s0x89c25900061e6bbb:0xf6f51e131c10b392,,
Bar Valentina,,https://www.google.com/maps/place/Bar+Valentina/data=!4m2!3m1!1s0x89c2598cb1e84b5f:0x1499956c3e9b8db5,,
Radegast Hall & Biergarten,,https://www.google.com/maps/place/Radegast+Hall+%26+Biergarten/data=!4m2!3m1!1s0x89c25960c364fbd7:0xecfd0195d5254e09,,
Dorrian's Red Hand (NYC),,https://www.google.com/maps/place/Dorrian's+Red+Hand+(NYC)/data=!4m2!3m1!1s0x89c258bbec01e2b5:0xaf9d6e2831a394b6,,
The Parkgate,,https://www.google.com/maps/place/The+Parkgate/data=!4m2!3m1!1s0x89c259ff57fc11a9:0xa761e4bbc5d6cb25,,
Carousel,,https://www.google.com/maps/place/Carousel/data=!4m2!3m1!1s0x89c25d13a580714b:0x30a46a1e9c1d9c43,,
The Happiest Hour,,https://www.google.com/maps/place/The+Happiest+Hour/data=!4m2!3m1!1s0x89c259968ecff765:0x496d8402766d2371,,
The Seville,,https://www.google.com/maps/place/The+Seville/data=!4m2!3m1!1s0x89c259a7c94ca4a1:0x35870d631788aa76,,
Jac's on Bond,,https://www.google.com/maps/place/Jac's+on+Bond/data=!4m2!3m1!1s0x89c259d7a9615345:0x269481eb8709d6b5,,
Please Tell Me,,https://www.google.com/maps/place/Please+Tell+Me/data=!4m2!3m1!1s0x89c259bf533f2e4b:0x5fbe73833981876b,,
Roosevelt Island,,https://www.google.com/maps/place/Roosevelt+Island/data=!4m2!3m1!1s0x89c258c4d85a0d8d:0x11f877ff0b8ffe27,,
Tin Building by Jean-Georges,,https://www.google.com/maps/place/Tin+Building+by+Jean-Georges/data=!4m2!3m1!1s0x89c25b5c2fb3c20f:0x9445c2a840caa981,,
Hunters Point,,https://www.google.com/maps/place/Hunters+Point/data=!4m2!3m1!1s0x89c259260a5834a3:0xad2d769ae1659e74,,
WatchHouse 5th Ave.,,https://www.google.com/maps/place/WatchHouse+5th+Ave./data=!4m2!3m1!1s0x89c259649c689125:0x578be17cca505252,,
Bethesda Terrace,,https://www.google.com/maps/place/Bethesda+Terrace/data=!4m2!3m1!1s0x89c25892a6168611:0x9d94703beba53b51,,
Umpire Rock,,https://www.google.com/maps/place/Umpire+Rock/data=!4m2!3m1!1s0x89c258f6a9ca2ba1:0x4372d987987f83b4,,
Dumbo - Manhattan Bridge View,,https://www.google.com/maps/place/Dumbo+-+Manhattan+Bridge+View/data=!4m2!3m1!1s0x89c25a31658fd477:0x991b3e313969d387,,
Charging Bull,,https://www.google.com/maps/place/Charging+Bull/data=!4m2!3m1!1s0x89c2589a17a81551:0xc7db393ae1eff521,,
Woodbury Outlets Blvd N,,https://www.google.com/maps/place/Woodbury+Outlets+Blvd+N/data=!4m2!3m1!1s0x89c2d72dc5be8499:0x824cb0b82d78e5fe,,
Dumbo,,https://www.google.com/maps/place/Dumbo/data=!4m2!3m1!1s0x89c25a316f3eb0fb:0xceb1d92c1cafc9c3,,
Vessel,,https://www.google.com/maps/place/Vessel/data=!4m2!3m1!1s0x89c259b4160028ab:0x414b171aac155dc0,,
Grand Central Terminal,,https://www.google.com/maps/place/Grand+Central+Terminal/data=!4m2!3m1!1s0x89c259599991bdf9:0xcdb22344c069bda5,,
5th Ave,,https://www.google.com/maps/place/5th+Ave/data=!4m2!3m1!1s0x89c258a29d3847f5:0x564dfbba0141774a,,
Rockefeller Center,,https://www.google.com/maps/place/Rockefeller+Center/data=!4m2!3m1!1s0x89c258fecf664df5:0x33d224a0d5dacca2,,
Broadway Theatre,,https://www.google.com/maps/place/Broadway+Theatre/data=!4m2!3m1!1s0x89c2585665784711:0x5bbfed74cc606bf6,,
Little Island,,https://www.google.com/maps/place/Little+Island/data=!4m2!3m1!1s0x89c259319989e02f:0xbc9fdbef8d2af7b0,,
Chelsea Market,,https://www.google.com/maps/place/Chelsea+Market/data=!4m2!3m1!1s0x89c259bf144c69c3:0x7e61762e972dc0a2,,
SoHo,,https://www.google.com/maps/place/SoHo/data=!4m2!3m1!1s0x89c2598c5e51e2f3:0xce2f3449f490f818,,
Central Park,,https://www.google.com/maps/place/Central+Park/data=!4m2!3m1!1s0x89c2589a018531e3:0xb9df1f7387a94119,,
Empire State Building,,https://www.google.com/maps/place/Empire+State+Building/data=!4m2!3m1!1s0x89c259a9b3117469:0xd134e199a405a163,,
The High Line,,https://www.google.com/maps/place/The+High+Line/data=!4m2!3m1!1s0x89c259c7840fb4e5:0x583f615c850a3c91,,
Brooklyn Bridge Promenade,,https://www.google.com/maps/place/Brooklyn+Bridge+Promenade/data=!4m2!3m1!1s0x89c25bf6733e55e3:0x2b6f599c83aee19c,,
Time Square,,https://www.google.com/maps/place/Time+Square/data=!4m2!3m1!1s0x89c25855c6480299:0x55194ec5a1ae072e,,
